Name,Link
Connectors,https://www.electronicscomp.com/search?search=Connector&limit=1000000
MX Connectors,https://www.electronicscomp.com/search?search=MX&limit=1000000
Plier,https://www.electronicscomp.com/search?search=Plier&limit=1000000
Screwdriver,https://www.electronicscomp.com/search?search=Screwdriver&limit=1000000
Wire,https://www.electronicscomp.com/search?search=Wire&limit=1000000
Cutter,https://www.electronicscomp.com/search?search=Cutter&limit=1000000
Stripper,https://www.electronicscomp.com/search?search=Stripper&limit=1000000
Cables,https://www.electronicscomp.com/search?search=Cable&limit=1000000
3D ,https://www.electronicscomp.com/search?search=3D&limit=1000000
Printer,https://www.electronicscomp.com/search?search=Printer&limit=1000000
3D Printer,https://www.electronicscomp.com/search?search=3D%20Printer&limit=1000000
Camera,https://www.electronicscomp.com/search?search=Camera&limit=1000000
Quadcopter & ,https://www.electronicscomp.com/search?search=Quadcopter&limit=1000000
Drone,https://www.electronicscomp.com/search?search=Drone&limit=1000000
EBike,https://www.electronicscomp.com/search?search=EBike&limit=1000000
Kits,https://www.electronicscomp.com/search?search=Kit&limit=1000000
Robot ,https://www.electronicscomp.com/search?search=Robot&limit=1000000
Parts,https://www.electronicscomp.com/search?search=Part&limit=1000000
Motor,https://www.electronicscomp.com/search?search=Motor&limit=1000000
Mechanical Parts,https://www.electronicscomp.com/search?search=Mechanical&limit=1000000
Solar  &,https://www.electronicscomp.com/search?search=Solar&limit=1000000
Panels,https://www.electronicscomp.com/search?search=Panel&limit=1000000
Cells,https://www.electronicscomp.com/search?search=Cell&limit=1000000
Adapter,https://www.electronicscomp.com/search?search=Adapter&limit=1000000
Relay,https://www.electronicscomp.com/search?search=Relay&limit=1000000
Battery,https://www.electronicscomp.com/search?search=Battery&limit=1000000
Mean,https://www.electronicscomp.com/search?search=Mean&limit=1000000
well,https://www.electronicscomp.com/search?search=well&limit=1000000
Power ,https://www.electronicscomp.com/search?search=Power&limit=1000000
Supply,https://www.electronicscomp.com/search?search=Supply&limit=1000000
Power Supply,https://www.electronicscomp.com/search?search=Power%20Supply&limit=1000000
Shavison ,https://www.electronicscomp.com/search?search=Shavison&limit=1000000
SMPS,https://www.electronicscomp.com/search?search=SMPS&limit=1000000
Transformer,https://www.electronicscomp.com/search?search=Transformer&limit=1000000
Mornsun ,https://www.electronicscomp.com/search?search=Mornsun%20&limit=1000000
ICs,https://www.electronicscomp.com/search?search=IC&limit=1000000
Microcontrollers,https://www.electronicscomp.com/search?search=Microcontroller&limit=1000000
Small ,https://www.electronicscomp.com/search?search=Small&limit=1000000
Components,https://www.electronicscomp.com/search?search=Component&limit=1000000
PCB,https://www.electronicscomp.com/search?search=PCB&limit=1000000
Solder,https://www.electronicscomp.com/search?search=Solder&limit=1000000
SMD,https://www.electronicscomp.com/search?search=SMD&limit=1000000
Magnet,https://www.electronicscomp.com/search?search=Magnet&limit=1000000
Switches,https://www.electronicscomp.com/search?search=Switches&limit=1000000
Display Devices,https://www.electronicscomp.com/search?search=Display%20&limit=1000000
Multimeter,https://www.electronicscomp.com/search?search=Multimeter&limit=1000000
Oscilloscope & Signal Generator,https://www.electronicscomp.com/search?search=Oscilloscope&limit=1000000
Signal,https://www.electronicscomp.com/search?search=Signal&limit=1000000
Cooling Fan,https://www.electronicscomp.com/search?search=Fan&limit=1000000
Waveshare Display,https://www.electronicscomp.com/search?search=Waveshare&limit=1000000
Son,https://www.electronicscomp.com/search?search=Son&limit=1000000
raspberry pi,https://www.electronicscomp.com/search?search=raspberry%20pi&limit=318
arduino,https://www.electronicscomp.com/search?search=arduino&limit=127
module,https://www.electronicscomp.com/search?search=module&limit=1375
seeed studio,https://www.electronicscomp.com/search?search=seeed%20studio&limit=122
Board,https://www.electronicscomp.com/search?search=Board&limit=454
BeagleBone,https://www.electronicscomp.com/search?search=BeagleBone&limit=10000
Micro Bit ,https://www.electronicscomp.com/search?search=Micro&limit=10000
Micro ,https://www.electronicscomp.com/search?search=Micro&limit=10000
Development,https://www.electronicscomp.com/search?search=Board&limit=10000
M5 Stack Boards,https://www.electronicscomp.com/search?search=M5%20&limit=10000
M5 Stack,https://www.electronicscomp.com/search?search=M5%20Stack%20&limit=10000
Programmers,"https://www.electronicscomp.com/search?search=Programmer&limit=10000 	"
Teensy Development,https://www.electronicscomp.com/search?search=Teensy%20&limit=10000
ARM,https://www.electronicscomp.com/search?search=ARM&limit=10000 
Microcontroller,https://www.electronicscomp.com/search?search=Microcontroller&limit=10000 
